<?xml version='1.0' encoding='utf-8'?>
<!DOCTYPE hibernate-configuration PUBLIC "-//Hibernate/Hibernate Configuration DTD//EN" "http://www.hibernate.org/dtd/hibernate-configuration-3.0.dtd">
<hibernate-configuration>
    <session-factory>
        <property name="hibernate.connection.driver_class"> com.mysql.cj.jdbc.Driver </property>
        <property name="hibernate.connection.url">
            jdbc:mysql://localhost:3306/hibernate_incidencias?createDatabaseIfNotExist=true </property>
        <!-- <property name="hibernate.current_session_context_class">thread</property> -->
        <property name="hibernate.connection.username">root</property>
        <property name="hibernate.connection.password">root</property>
        <property name="hibernate.connection.pool_size">50</property>
        <property name="show_sql">false</property>
        <property name="hibernate.format_sql">true</property>
        <property name="hibernate.use_sql_comments">true</property>
        <property name="hibernate.hbm2ddl.auto">create</property>
        <mapping class="com.hibernate.model.Incidencia" />
        <mapping class="com.hibernate.model.Usuario" />
        <mapping class="com.hibernate.model.Rol" />
        <mapping class="com.hibernate.model.Responsable" />
        <mapping class="com.hibernate.model.Tarea" />
        <mapping class="com.hibernate.model.Tecnico" />
        <mapping class="com.hibernate.model.Trabaja" />

    </session-factory>
</hibernate-configuration>